<?xml version="1.0" encoding="UTF-8"?>
<project-private xmlns="http://www.netbeans.org/ns/project-private/1">
    <editor-bookmarks xmlns="http://www.netbeans.org/ns/editor-bookmarks/2" lastBookmarkId="0"/>
    <open-files xmlns="http://www.netbeans.org/ns/projectui-open-files/2">
        <group>
            <file>file:/C:/xampp/htdocs/CSAD_Mini_Project/loginfetch.js</file>
            <file>file:/C:/xampp/htdocs/CSAD_Mini_Project/contact.html</file>
            <file>file:/C:/xampp/htdocs/CSAD_Mini_Project/contact.css</file>
            <file>file:/C:/xampp/htdocs/CSAD_Mini_Project/what_we_do.html</file>
            <file>file:/C:/xampp/htdocs/CSAD_Mini_Project/partners.html</file>
            <file>file:/C:/xampp/htdocs/CSAD_Mini_Project/newhtml.html</file>
            <file>file:/C:/xampp/htdocs/CSAD_Mini_Project/mainpage.html</file>
            <file>file:/C:/xampp/htdocs/CSAD_Mini_Project/rss-proxy.php</file>
            <file>file:/C:/xampp/htdocs/CSAD_Mini_Project/login.html</file>
            <file>file:/C:/xampp/htdocs/CSAD_Mini_Project/readme.html</file>
        </group>
    </open-files>
</project-private>
